"login__-","id__-","node_id__-","avatar_url__-","gravatar_id__-","url__-","html_url__-","followers_url__-","following_url__-","gists_url__-","starred_url__-","subscriptions_url__-","organizations_url__-","repos_url__-","events_url__-","received_events_url__-","type__-","site_admin__-"
"lboaretto","35883","MDQ6VXNlcjM1ODgz","https://avatars1.githubusercontent.com/u/35883?v=4","","https://api.github.com/users/lboaretto","https://github.com/lboaretto","https://api.github.com/users/lboaretto/followers","https://api.github.com/users/lboaretto/following{/other_user}","https://api.github.com/users/lboaretto/gists{/gist_id}","https://api.github.com/users/lboaretto/starred{/owner},{/repo}","https://api.github.com/users/lboaretto/subscriptions","https://api.github.com/users/lboaretto/orgs","https://api.github.com/users/lboaretto/repos","https://api.github.com/users/lboaretto/events{/privacy}","https://api.github.com/users/lboaretto/received_events","User","False"
"caferrari","89180","MDQ6VXNlcjg5MTgw","https://avatars0.githubusercontent.com/u/89180?v=4","","https://api.github.com/users/caferrari","https://github.com/caferrari","https://api.github.com/users/caferrari/followers","https://api.github.com/users/caferrari/following{/other_user}","https://api.github.com/users/caferrari/gists{/gist_id}","https://api.github.com/users/caferrari/starred{/owner},{/repo}","https://api.github.com/users/caferrari/subscriptions","https://api.github.com/users/caferrari/orgs","https://api.github.com/users/caferrari/repos","https://api.github.com/users/caferrari/events{/privacy}","https://api.github.com/users/caferrari/received_events","User","False"
"develmcz","2838419","MDQ6VXNlcjI4Mzg0MTk=","https://avatars1.githubusercontent.com/u/2838419?v=4","","https://api.github.com/users/develmcz","https://github.com/develmcz","https://api.github.com/users/develmcz/followers","https://api.github.com/users/develmcz/following{/other_user}","https://api.github.com/users/develmcz/gists{/gist_id}","https://api.github.com/users/develmcz/starred{/owner},{/repo}","https://api.github.com/users/develmcz/subscriptions","https://api.github.com/users/develmcz/orgs","https://api.github.com/users/develmcz/repos","https://api.github.com/users/develmcz/events{/privacy}","https://api.github.com/users/develmcz/received_events","User","False"
"robertogerson","305306","MDQ6VXNlcjMwNTMwNg==","https://avatars1.githubusercontent.com/u/305306?v=4","","https://api.github.com/users/robertogerson","https://github.com/robertogerson","https://api.github.com/users/robertogerson/followers","https://api.github.com/users/robertogerson/following{/other_user}","https://api.github.com/users/robertogerson/gists{/gist_id}","https://api.github.com/users/robertogerson/starred{/owner},{/repo}","https://api.github.com/users/robertogerson/subscriptions","https://api.github.com/users/robertogerson/orgs","https://api.github.com/users/robertogerson/repos","https://api.github.com/users/robertogerson/events{/privacy}","https://api.github.com/users/robertogerson/received_events","User","False"
"charlescorreaws","4529369","MDQ6VXNlcjQ1MjkzNjk=","https://avatars1.githubusercontent.com/u/4529369?v=4","","https://api.github.com/users/charlescorreaws","https://github.com/charlescorreaws","https://api.github.com/users/charlescorreaws/followers","https://api.github.com/users/charlescorreaws/following{/other_user}","https://api.github.com/users/charlescorreaws/gists{/gist_id}","https://api.github.com/users/charlescorreaws/starred{/owner},{/repo}","https://api.github.com/users/charlescorreaws/subscriptions","https://api.github.com/users/charlescorreaws/orgs","https://api.github.com/users/charlescorreaws/repos","https://api.github.com/users/charlescorreaws/events{/privacy}","https://api.github.com/users/charlescorreaws/received_events","User","False"
"edgarportoramos","2992609","MDQ6VXNlcjI5OTI2MDk=","https://avatars1.githubusercontent.com/u/2992609?v=4","","https://api.github.com/users/edgarportoramos","https://github.com/edgarportoramos","https://api.github.com/users/edgarportoramos/followers","https://api.github.com/users/edgarportoramos/following{/other_user}","https://api.github.com/users/edgarportoramos/gists{/gist_id}","https://api.github.com/users/edgarportoramos/starred{/owner},{/repo}","https://api.github.com/users/edgarportoramos/subscriptions","https://api.github.com/users/edgarportoramos/orgs","https://api.github.com/users/edgarportoramos/repos","https://api.github.com/users/edgarportoramos/events{/privacy}","https://api.github.com/users/edgarportoramos/received_events","User","False"
"robertocr","719920","MDQ6VXNlcjcxOTkyMA==","https://avatars2.githubusercontent.com/u/719920?v=4","","https://api.github.com/users/robertocr","https://github.com/robertocr","https://api.github.com/users/robertocr/followers","https://api.github.com/users/robertocr/following{/other_user}","https://api.github.com/users/robertocr/gists{/gist_id}","https://api.github.com/users/robertocr/starred{/owner},{/repo}","https://api.github.com/users/robertocr/subscriptions","https://api.github.com/users/robertocr/orgs","https://api.github.com/users/robertocr/repos","https://api.github.com/users/robertocr/events{/privacy}","https://api.github.com/users/robertocr/received_events","User","False"
"felipematoz","499261","MDQ6VXNlcjQ5OTI2MQ==","https://avatars1.githubusercontent.com/u/499261?v=4","","https://api.github.com/users/felipematoz","https://github.com/felipematoz","https://api.github.com/users/felipematoz/followers","https://api.github.com/users/felipematoz/following{/other_user}","https://api.github.com/users/felipematoz/gists{/gist_id}","https://api.github.com/users/felipematoz/starred{/owner},{/repo}","https://api.github.com/users/felipematoz/subscriptions","https://api.github.com/users/felipematoz/orgs","https://api.github.com/users/felipematoz/repos","https://api.github.com/users/felipematoz/events{/privacy}","https://api.github.com/users/felipematoz/received_events","User","False"
"luizwbr","308603","MDQ6VXNlcjMwODYwMw==","https://avatars3.githubusercontent.com/u/308603?v=4","","https://api.github.com/users/luizwbr","https://github.com/luizwbr","https://api.github.com/users/luizwbr/followers","https://api.github.com/users/luizwbr/following{/other_user}","https://api.github.com/users/luizwbr/gists{/gist_id}","https://api.github.com/users/luizwbr/starred{/owner},{/repo}","https://api.github.com/users/luizwbr/subscriptions","https://api.github.com/users/luizwbr/orgs","https://api.github.com/users/luizwbr/repos","https://api.github.com/users/luizwbr/events{/privacy}","https://api.github.com/users/luizwbr/received_events","User","False"
"aaoliveira","802991","MDQ6VXNlcjgwMjk5MQ==","https://avatars1.githubusercontent.com/u/802991?v=4","","https://api.github.com/users/aaoliveira","https://github.com/aaoliveira","https://api.github.com/users/aaoliveira/followers","https://api.github.com/users/aaoliveira/following{/other_user}","https://api.github.com/users/aaoliveira/gists{/gist_id}","https://api.github.com/users/aaoliveira/starred{/owner},{/repo}","https://api.github.com/users/aaoliveira/subscriptions","https://api.github.com/users/aaoliveira/orgs","https://api.github.com/users/aaoliveira/repos","https://api.github.com/users/aaoliveira/events{/privacy}","https://api.github.com/users/aaoliveira/received_events","User","False"
"diangelisj","2672930","MDQ6VXNlcjI2NzI5MzA=","https://avatars0.githubusercontent.com/u/2672930?v=4","","https://api.github.com/users/diangelisj","https://github.com/diangelisj","https://api.github.com/users/diangelisj/followers","https://api.github.com/users/diangelisj/following{/other_user}","https://api.github.com/users/diangelisj/gists{/gist_id}","https://api.github.com/users/diangelisj/starred{/owner},{/repo}","https://api.github.com/users/diangelisj/subscriptions","https://api.github.com/users/diangelisj/orgs","https://api.github.com/users/diangelisj/repos","https://api.github.com/users/diangelisj/events{/privacy}","https://api.github.com/users/diangelisj/received_events","User","False"
"CharlesMendes","1323305","MDQ6VXNlcjEzMjMzMDU=","https://avatars0.githubusercontent.com/u/1323305?v=4","","https://api.github.com/users/CharlesMendes","https://github.com/CharlesMendes","https://api.github.com/users/CharlesMendes/followers","https://api.github.com/users/CharlesMendes/following{/other_user}","https://api.github.com/users/CharlesMendes/gists{/gist_id}","https://api.github.com/users/CharlesMendes/starred{/owner},{/repo}","https://api.github.com/users/CharlesMendes/subscriptions","https://api.github.com/users/CharlesMendes/orgs","https://api.github.com/users/CharlesMendes/repos","https://api.github.com/users/CharlesMendes/events{/privacy}","https://api.github.com/users/CharlesMendes/received_events","User","False"
"danielmadu","3596439","MDQ6VXNlcjM1OTY0Mzk=","https://avatars2.githubusercontent.com/u/3596439?v=4","","https://api.github.com/users/danielmadu","https://github.com/danielmadu","https://api.github.com/users/danielmadu/followers","https://api.github.com/users/danielmadu/following{/other_user}","https://api.github.com/users/danielmadu/gists{/gist_id}","https://api.github.com/users/danielmadu/starred{/owner},{/repo}","https://api.github.com/users/danielmadu/subscriptions","https://api.github.com/users/danielmadu/orgs","https://api.github.com/users/danielmadu/repos","https://api.github.com/users/danielmadu/events{/privacy}","https://api.github.com/users/danielmadu/received_events","User","False"
"josejuniorgyn","9425165","MDQ6VXNlcjk0MjUxNjU=","https://avatars3.githubusercontent.com/u/9425165?v=4","","https://api.github.com/users/josejuniorgyn","https://github.com/josejuniorgyn","https://api.github.com/users/josejuniorgyn/followers","https://api.github.com/users/josejuniorgyn/following{/other_user}","https://api.github.com/users/josejuniorgyn/gists{/gist_id}","https://api.github.com/users/josejuniorgyn/starred{/owner},{/repo}","https://api.github.com/users/josejuniorgyn/subscriptions","https://api.github.com/users/josejuniorgyn/orgs","https://api.github.com/users/josejuniorgyn/repos","https://api.github.com/users/josejuniorgyn/events{/privacy}","https://api.github.com/users/josejuniorgyn/received_events","User","False"
"felipecwb","4389523","MDQ6VXNlcjQzODk1MjM=","https://avatars1.githubusercontent.com/u/4389523?v=4","","https://api.github.com/users/felipecwb","https://github.com/felipecwb","https://api.github.com/users/felipecwb/followers","https://api.github.com/users/felipecwb/following{/other_user}","https://api.github.com/users/felipecwb/gists{/gist_id}","https://api.github.com/users/felipecwb/starred{/owner},{/repo}","https://api.github.com/users/felipecwb/subscriptions","https://api.github.com/users/felipecwb/orgs","https://api.github.com/users/felipecwb/repos","https://api.github.com/users/felipecwb/events{/privacy}","https://api.github.com/users/felipecwb/received_events","User","False"
"williambsantos","1949478","MDQ6VXNlcjE5NDk0Nzg=","https://avatars0.githubusercontent.com/u/1949478?v=4","","https://api.github.com/users/williambsantos","https://github.com/williambsantos","https://api.github.com/users/williambsantos/followers","https://api.github.com/users/williambsantos/following{/other_user}","https://api.github.com/users/williambsantos/gists{/gist_id}","https://api.github.com/users/williambsantos/starred{/owner},{/repo}","https://api.github.com/users/williambsantos/subscriptions","https://api.github.com/users/williambsantos/orgs","https://api.github.com/users/williambsantos/repos","https://api.github.com/users/williambsantos/events{/privacy}","https://api.github.com/users/williambsantos/received_events","User","False"
"bxmoreira","6947644","MDQ6VXNlcjY5NDc2NDQ=","https://avatars3.githubusercontent.com/u/6947644?v=4","","https://api.github.com/users/bxmoreira","https://github.com/bxmoreira","https://api.github.com/users/bxmoreira/followers","https://api.github.com/users/bxmoreira/following{/other_user}","https://api.github.com/users/bxmoreira/gists{/gist_id}","https://api.github.com/users/bxmoreira/starred{/owner},{/repo}","https://api.github.com/users/bxmoreira/subscriptions","https://api.github.com/users/bxmoreira/orgs","https://api.github.com/users/bxmoreira/repos","https://api.github.com/users/bxmoreira/events{/privacy}","https://api.github.com/users/bxmoreira/received_events","User","False"
"vndmtrx","596651","MDQ6VXNlcjU5NjY1MQ==","https://avatars2.githubusercontent.com/u/596651?v=4","","https://api.github.com/users/vndmtrx","https://github.com/vndmtrx","https://api.github.com/users/vndmtrx/followers","https://api.github.com/users/vndmtrx/following{/other_user}","https://api.github.com/users/vndmtrx/gists{/gist_id}","https://api.github.com/users/vndmtrx/starred{/owner},{/repo}","https://api.github.com/users/vndmtrx/subscriptions","https://api.github.com/users/vndmtrx/orgs","https://api.github.com/users/vndmtrx/repos","https://api.github.com/users/vndmtrx/events{/privacy}","https://api.github.com/users/vndmtrx/received_events","User","False"
"C4rL0sM4gn0","5586904","MDQ6VXNlcjU1ODY5MDQ=","https://avatars1.githubusercontent.com/u/5586904?v=4","","https://api.github.com/users/C4rL0sM4gn0","https://github.com/C4rL0sM4gn0","https://api.github.com/users/C4rL0sM4gn0/followers","https://api.github.com/users/C4rL0sM4gn0/following{/other_user}","https://api.github.com/users/C4rL0sM4gn0/gists{/gist_id}","https://api.github.com/users/C4rL0sM4gn0/starred{/owner},{/repo}","https://api.github.com/users/C4rL0sM4gn0/subscriptions","https://api.github.com/users/C4rL0sM4gn0/orgs","https://api.github.com/users/C4rL0sM4gn0/repos","https://api.github.com/users/C4rL0sM4gn0/events{/privacy}","https://api.github.com/users/C4rL0sM4gn0/received_events","User","False"
"brunocasanova","4107768","MDQ6VXNlcjQxMDc3Njg=","https://avatars0.githubusercontent.com/u/4107768?v=4","","https://api.github.com/users/brunocasanova","https://github.com/brunocasanova","https://api.github.com/users/brunocasanova/followers","https://api.github.com/users/brunocasanova/following{/other_user}","https://api.github.com/users/brunocasanova/gists{/gist_id}","https://api.github.com/users/brunocasanova/starred{/owner},{/repo}","https://api.github.com/users/brunocasanova/subscriptions","https://api.github.com/users/brunocasanova/orgs","https://api.github.com/users/brunocasanova/repos","https://api.github.com/users/brunocasanova/events{/privacy}","https://api.github.com/users/brunocasanova/received_events","User","False"
"cusspvz","3604053","MDQ6VXNlcjM2MDQwNTM=","https://avatars0.githubusercontent.com/u/3604053?v=4","","https://api.github.com/users/cusspvz","https://github.com/cusspvz","https://api.github.com/users/cusspvz/followers","https://api.github.com/users/cusspvz/following{/other_user}","https://api.github.com/users/cusspvz/gists{/gist_id}","https://api.github.com/users/cusspvz/starred{/owner},{/repo}","https://api.github.com/users/cusspvz/subscriptions","https://api.github.com/users/cusspvz/orgs","https://api.github.com/users/cusspvz/repos","https://api.github.com/users/cusspvz/events{/privacy}","https://api.github.com/users/cusspvz/received_events","User","False"
"angusshire","5877145","MDQ6VXNlcjU4NzcxNDU=","https://avatars3.githubusercontent.com/u/5877145?v=4","","https://api.github.com/users/angusshire","https://github.com/angusshire","https://api.github.com/users/angusshire/followers","https://api.github.com/users/angusshire/following{/other_user}","https://api.github.com/users/angusshire/gists{/gist_id}","https://api.github.com/users/angusshire/starred{/owner},{/repo}","https://api.github.com/users/angusshire/subscriptions","https://api.github.com/users/angusshire/orgs","https://api.github.com/users/angusshire/repos","https://api.github.com/users/angusshire/events{/privacy}","https://api.github.com/users/angusshire/received_events","User","False"
"thiagoelias","2196632","MDQ6VXNlcjIxOTY2MzI=","https://avatars0.githubusercontent.com/u/2196632?v=4","","https://api.github.com/users/thiagoelias","https://github.com/thiagoelias","https://api.github.com/users/thiagoelias/followers","https://api.github.com/users/thiagoelias/following{/other_user}","https://api.github.com/users/thiagoelias/gists{/gist_id}","https://api.github.com/users/thiagoelias/starred{/owner},{/repo}","https://api.github.com/users/thiagoelias/subscriptions","https://api.github.com/users/thiagoelias/orgs","https://api.github.com/users/thiagoelias/repos","https://api.github.com/users/thiagoelias/events{/privacy}","https://api.github.com/users/thiagoelias/received_events","User","False"
"RaysaOliveira","9489296","MDQ6VXNlcjk0ODkyOTY=","https://avatars2.githubusercontent.com/u/9489296?v=4","","https://api.github.com/users/RaysaOliveira","https://github.com/RaysaOliveira","https://api.github.com/users/RaysaOliveira/followers","https://api.github.com/users/RaysaOliveira/following{/other_user}","https://api.github.com/users/RaysaOliveira/gists{/gist_id}","https://api.github.com/users/RaysaOliveira/starred{/owner},{/repo}","https://api.github.com/users/RaysaOliveira/subscriptions","https://api.github.com/users/RaysaOliveira/orgs","https://api.github.com/users/RaysaOliveira/repos","https://api.github.com/users/RaysaOliveira/events{/privacy}","https://api.github.com/users/RaysaOliveira/received_events","User","False"
"jazzjazz","16697450","MDQ6VXNlcjE2Njk3NDUw","https://avatars1.githubusercontent.com/u/16697450?v=4","","https://api.github.com/users/jazzjazz","https://github.com/jazzjazz","https://api.github.com/users/jazzjazz/followers","https://api.github.com/users/jazzjazz/following{/other_user}","https://api.github.com/users/jazzjazz/gists{/gist_id}","https://api.github.com/users/jazzjazz/starred{/owner},{/repo}","https://api.github.com/users/jazzjazz/subscriptions","https://api.github.com/users/jazzjazz/orgs","https://api.github.com/users/jazzjazz/repos","https://api.github.com/users/jazzjazz/events{/privacy}","https://api.github.com/users/jazzjazz/received_events","User","False"
"lucasmeira","5401986","MDQ6VXNlcjU0MDE5ODY=","https://avatars3.githubusercontent.com/u/5401986?v=4","","https://api.github.com/users/lucasmeira","https://github.com/lucasmeira","https://api.github.com/users/lucasmeira/followers","https://api.github.com/users/lucasmeira/following{/other_user}","https://api.github.com/users/lucasmeira/gists{/gist_id}","https://api.github.com/users/lucasmeira/starred{/owner},{/repo}","https://api.github.com/users/lucasmeira/subscriptions","https://api.github.com/users/lucasmeira/orgs","https://api.github.com/users/lucasmeira/repos","https://api.github.com/users/lucasmeira/events{/privacy}","https://api.github.com/users/lucasmeira/received_events","User","False"
"mrprompt","166088","MDQ6VXNlcjE2NjA4OA==","https://avatars0.githubusercontent.com/u/166088?v=4","","https://api.github.com/users/mrprompt","https://github.com/mrprompt","https://api.github.com/users/mrprompt/followers","https://api.github.com/users/mrprompt/following{/other_user}","https://api.github.com/users/mrprompt/gists{/gist_id}","https://api.github.com/users/mrprompt/starred{/owner},{/repo}","https://api.github.com/users/mrprompt/subscriptions","https://api.github.com/users/mrprompt/orgs","https://api.github.com/users/mrprompt/repos","https://api.github.com/users/mrprompt/events{/privacy}","https://api.github.com/users/mrprompt/received_events","User","False"
"rafaelp","19240","MDQ6VXNlcjE5MjQw","https://avatars1.githubusercontent.com/u/19240?v=4","","https://api.github.com/users/rafaelp","https://github.com/rafaelp","https://api.github.com/users/rafaelp/followers","https://api.github.com/users/rafaelp/following{/other_user}","https://api.github.com/users/rafaelp/gists{/gist_id}","https://api.github.com/users/rafaelp/starred{/owner},{/repo}","https://api.github.com/users/rafaelp/subscriptions","https://api.github.com/users/rafaelp/orgs","https://api.github.com/users/rafaelp/repos","https://api.github.com/users/rafaelp/events{/privacy}","https://api.github.com/users/rafaelp/received_events","User","False"
"dan2dev","4329905","MDQ6VXNlcjQzMjk5MDU=","https://avatars0.githubusercontent.com/u/4329905?v=4","","https://api.github.com/users/dan2dev","https://github.com/dan2dev","https://api.github.com/users/dan2dev/followers","https://api.github.com/users/dan2dev/following{/other_user}","https://api.github.com/users/dan2dev/gists{/gist_id}","https://api.github.com/users/dan2dev/starred{/owner},{/repo}","https://api.github.com/users/dan2dev/subscriptions","https://api.github.com/users/dan2dev/orgs","https://api.github.com/users/dan2dev/repos","https://api.github.com/users/dan2dev/events{/privacy}","https://api.github.com/users/dan2dev/received_events","User","False"
"terminiter","663624","MDQ6VXNlcjY2MzYyNA==","https://avatars0.githubusercontent.com/u/663624?v=4","","https://api.github.com/users/terminiter","https://github.com/terminiter","https://api.github.com/users/terminiter/followers","https://api.github.com/users/terminiter/following{/other_user}","https://api.github.com/users/terminiter/gists{/gist_id}","https://api.github.com/users/terminiter/starred{/owner},{/repo}","https://api.github.com/users/terminiter/subscriptions","https://api.github.com/users/terminiter/orgs","https://api.github.com/users/terminiter/repos","https://api.github.com/users/terminiter/events{/privacy}","https://api.github.com/users/terminiter/received_events","User","False"
"amarnathbh","11303426","MDQ6VXNlcjExMzAzNDI2","https://avatars3.githubusercontent.com/u/11303426?v=4","","https://api.github.com/users/amarnathbh","https://github.com/amarnathbh","https://api.github.com/users/amarnathbh/followers","https://api.github.com/users/amarnathbh/following{/other_user}","https://api.github.com/users/amarnathbh/gists{/gist_id}","https://api.github.com/users/amarnathbh/starred{/owner},{/repo}","https://api.github.com/users/amarnathbh/subscriptions","https://api.github.com/users/amarnathbh/orgs","https://api.github.com/users/amarnathbh/repos","https://api.github.com/users/amarnathbh/events{/privacy}","https://api.github.com/users/amarnathbh/received_events","User","False"
"gmartinezramirez-old","20375901","MDQ6VXNlcjIwMzc1OTAx","https://avatars2.githubusercontent.com/u/20375901?v=4","","https://api.github.com/users/gmartinezramirez-old","https://github.com/gmartinezramirez-old","https://api.github.com/users/gmartinezramirez-old/followers","https://api.github.com/users/gmartinezramirez-old/following{/other_user}","https://api.github.com/users/gmartinezramirez-old/gists{/gist_id}","https://api.github.com/users/gmartinezramirez-old/starred{/owner},{/repo}","https://api.github.com/users/gmartinezramirez-old/subscriptions","https://api.github.com/users/gmartinezramirez-old/orgs","https://api.github.com/users/gmartinezramirez-old/repos","https://api.github.com/users/gmartinezramirez-old/events{/privacy}","https://api.github.com/users/gmartinezramirez-old/received_events","User","False"
"rohithadassanayake","110165","MDQ6VXNlcjExMDE2NQ==","https://avatars3.githubusercontent.com/u/110165?v=4","","https://api.github.com/users/rohithadassanayake","https://github.com/rohithadassanayake","https://api.github.com/users/rohithadassanayake/followers","https://api.github.com/users/rohithadassanayake/following{/other_user}","https://api.github.com/users/rohithadassanayake/gists{/gist_id}","https://api.github.com/users/rohithadassanayake/starred{/owner},{/repo}","https://api.github.com/users/rohithadassanayake/subscriptions","https://api.github.com/users/rohithadassanayake/orgs","https://api.github.com/users/rohithadassanayake/repos","https://api.github.com/users/rohithadassanayake/events{/privacy}","https://api.github.com/users/rohithadassanayake/received_events","User","False"
"jk-Verma","3655585","MDQ6VXNlcjM2NTU1ODU=","https://avatars0.githubusercontent.com/u/3655585?v=4","","https://api.github.com/users/jk-Verma","https://github.com/jk-Verma","https://api.github.com/users/jk-Verma/followers","https://api.github.com/users/jk-Verma/following{/other_user}","https://api.github.com/users/jk-Verma/gists{/gist_id}","https://api.github.com/users/jk-Verma/starred{/owner},{/repo}","https://api.github.com/users/jk-Verma/subscriptions","https://api.github.com/users/jk-Verma/orgs","https://api.github.com/users/jk-Verma/repos","https://api.github.com/users/jk-Verma/events{/privacy}","https://api.github.com/users/jk-Verma/received_events","User","False"
"formulahendry","1050213","MDQ6VXNlcjEwNTAyMTM=","https://avatars0.githubusercontent.com/u/1050213?v=4","","https://api.github.com/users/formulahendry","https://github.com/formulahendry","https://api.github.com/users/formulahendry/followers","https://api.github.com/users/formulahendry/following{/other_user}","https://api.github.com/users/formulahendry/gists{/gist_id}","https://api.github.com/users/formulahendry/starred{/owner},{/repo}","https://api.github.com/users/formulahendry/subscriptions","https://api.github.com/users/formulahendry/orgs","https://api.github.com/users/formulahendry/repos","https://api.github.com/users/formulahendry/events{/privacy}","https://api.github.com/users/formulahendry/received_events","User","False"
"gkrish23","24416056","MDQ6VXNlcjI0NDE2MDU2","https://avatars0.githubusercontent.com/u/24416056?v=4","","https://api.github.com/users/gkrish23","https://github.com/gkrish23","https://api.github.com/users/gkrish23/followers","https://api.github.com/users/gkrish23/following{/other_user}","https://api.github.com/users/gkrish23/gists{/gist_id}","https://api.github.com/users/gkrish23/starred{/owner},{/repo}","https://api.github.com/users/gkrish23/subscriptions","https://api.github.com/users/gkrish23/orgs","https://api.github.com/users/gkrish23/repos","https://api.github.com/users/gkrish23/events{/privacy}","https://api.github.com/users/gkrish23/received_events","User","False"
"fadwa","3192345","MDQ6VXNlcjMxOTIzNDU=","https://avatars1.githubusercontent.com/u/3192345?v=4","","https://api.github.com/users/fadwa","https://github.com/fadwa","https://api.github.com/users/fadwa/followers","https://api.github.com/users/fadwa/following{/other_user}","https://api.github.com/users/fadwa/gists{/gist_id}","https://api.github.com/users/fadwa/starred{/owner},{/repo}","https://api.github.com/users/fadwa/subscriptions","https://api.github.com/users/fadwa/orgs","https://api.github.com/users/fadwa/repos","https://api.github.com/users/fadwa/events{/privacy}","https://api.github.com/users/fadwa/received_events","User","False"
"danilovbarbosa","6743306","MDQ6VXNlcjY3NDMzMDY=","https://avatars3.githubusercontent.com/u/6743306?v=4","","https://api.github.com/users/danilovbarbosa","https://github.com/danilovbarbosa","https://api.github.com/users/danilovbarbosa/followers","https://api.github.com/users/danilovbarbosa/following{/other_user}","https://api.github.com/users/danilovbarbosa/gists{/gist_id}","https://api.github.com/users/danilovbarbosa/starred{/owner},{/repo}","https://api.github.com/users/danilovbarbosa/subscriptions","https://api.github.com/users/danilovbarbosa/orgs","https://api.github.com/users/danilovbarbosa/repos","https://api.github.com/users/danilovbarbosa/events{/privacy}","https://api.github.com/users/danilovbarbosa/received_events","User","False"
"viniciusferreira","4131628","MDQ6VXNlcjQxMzE2Mjg=","https://avatars0.githubusercontent.com/u/4131628?v=4","","https://api.github.com/users/viniciusferreira","https://github.com/viniciusferreira","https://api.github.com/users/viniciusferreira/followers","https://api.github.com/users/viniciusferreira/following{/other_user}","https://api.github.com/users/viniciusferreira/gists{/gist_id}","https://api.github.com/users/viniciusferreira/starred{/owner},{/repo}","https://api.github.com/users/viniciusferreira/subscriptions","https://api.github.com/users/viniciusferreira/orgs","https://api.github.com/users/viniciusferreira/repos","https://api.github.com/users/viniciusferreira/events{/privacy}","https://api.github.com/users/viniciusferreira/received_events","User","False"
"jmsagha","11193393","MDQ6VXNlcjExMTkzMzkz","https://avatars0.githubusercontent.com/u/11193393?v=4","","https://api.github.com/users/jmsagha","https://github.com/jmsagha","https://api.github.com/users/jmsagha/followers","https://api.github.com/users/jmsagha/following{/other_user}","https://api.github.com/users/jmsagha/gists{/gist_id}","https://api.github.com/users/jmsagha/starred{/owner},{/repo}","https://api.github.com/users/jmsagha/subscriptions","https://api.github.com/users/jmsagha/orgs","https://api.github.com/users/jmsagha/repos","https://api.github.com/users/jmsagha/events{/privacy}","https://api.github.com/users/jmsagha/received_events","User","False"
"SamBalla","13725312","MDQ6VXNlcjEzNzI1MzEy","https://avatars1.githubusercontent.com/u/13725312?v=4","","https://api.github.com/users/SamBalla","https://github.com/SamBalla","https://api.github.com/users/SamBalla/followers","https://api.github.com/users/SamBalla/following{/other_user}","https://api.github.com/users/SamBalla/gists{/gist_id}","https://api.github.com/users/SamBalla/starred{/owner},{/repo}","https://api.github.com/users/SamBalla/subscriptions","https://api.github.com/users/SamBalla/orgs","https://api.github.com/users/SamBalla/repos","https://api.github.com/users/SamBalla/events{/privacy}","https://api.github.com/users/SamBalla/received_events","User","False"
"realcofre","17703015","MDQ6VXNlcjE3NzAzMDE1","https://avatars3.githubusercontent.com/u/17703015?v=4","","https://api.github.com/users/realcofre","https://github.com/realcofre","https://api.github.com/users/realcofre/followers","https://api.github.com/users/realcofre/following{/other_user}","https://api.github.com/users/realcofre/gists{/gist_id}","https://api.github.com/users/realcofre/starred{/owner},{/repo}","https://api.github.com/users/realcofre/subscriptions","https://api.github.com/users/realcofre/orgs","https://api.github.com/users/realcofre/repos","https://api.github.com/users/realcofre/events{/privacy}","https://api.github.com/users/realcofre/received_events","User","False"
"nailsonlinux","1086997","MDQ6VXNlcjEwODY5OTc=","https://avatars3.githubusercontent.com/u/1086997?v=4","","https://api.github.com/users/nailsonlinux","https://github.com/nailsonlinux","https://api.github.com/users/nailsonlinux/followers","https://api.github.com/users/nailsonlinux/following{/other_user}","https://api.github.com/users/nailsonlinux/gists{/gist_id}","https://api.github.com/users/nailsonlinux/starred{/owner},{/repo}","https://api.github.com/users/nailsonlinux/subscriptions","https://api.github.com/users/nailsonlinux/orgs","https://api.github.com/users/nailsonlinux/repos","https://api.github.com/users/nailsonlinux/events{/privacy}","https://api.github.com/users/nailsonlinux/received_events","User","False"
"svilaa","5521724","MDQ6VXNlcjU1MjE3MjQ=","https://avatars0.githubusercontent.com/u/5521724?v=4","","https://api.github.com/users/svilaa","https://github.com/svilaa","https://api.github.com/users/svilaa/followers","https://api.github.com/users/svilaa/following{/other_user}","https://api.github.com/users/svilaa/gists{/gist_id}","https://api.github.com/users/svilaa/starred{/owner},{/repo}","https://api.github.com/users/svilaa/subscriptions","https://api.github.com/users/svilaa/orgs","https://api.github.com/users/svilaa/repos","https://api.github.com/users/svilaa/events{/privacy}","https://api.github.com/users/svilaa/received_events","User","False"
"ziasistani","4399507","MDQ6VXNlcjQzOTk1MDc=","https://avatars1.githubusercontent.com/u/4399507?v=4","","https://api.github.com/users/ziasistani","https://github.com/ziasistani","https://api.github.com/users/ziasistani/followers","https://api.github.com/users/ziasistani/following{/other_user}","https://api.github.com/users/ziasistani/gists{/gist_id}","https://api.github.com/users/ziasistani/starred{/owner},{/repo}","https://api.github.com/users/ziasistani/subscriptions","https://api.github.com/users/ziasistani/orgs","https://api.github.com/users/ziasistani/repos","https://api.github.com/users/ziasistani/events{/privacy}","https://api.github.com/users/ziasistani/received_events","User","False"
"Allzee","29748706","MDQ6VXNlcjI5NzQ4NzA2","https://avatars0.githubusercontent.com/u/29748706?v=4","","https://api.github.com/users/Allzee","https://github.com/Allzee","https://api.github.com/users/Allzee/followers","https://api.github.com/users/Allzee/following{/other_user}","https://api.github.com/users/Allzee/gists{/gist_id}","https://api.github.com/users/Allzee/starred{/owner},{/repo}","https://api.github.com/users/Allzee/subscriptions","https://api.github.com/users/Allzee/orgs","https://api.github.com/users/Allzee/repos","https://api.github.com/users/Allzee/events{/privacy}","https://api.github.com/users/Allzee/received_events","User","False"
"KevinHock","3076393","MDQ6VXNlcjMwNzYzOTM=","https://avatars1.githubusercontent.com/u/3076393?v=4","","https://api.github.com/users/KevinHock","https://github.com/KevinHock","https://api.github.com/users/KevinHock/followers","https://api.github.com/users/KevinHock/following{/other_user}","https://api.github.com/users/KevinHock/gists{/gist_id}","https://api.github.com/users/KevinHock/starred{/owner},{/repo}","https://api.github.com/users/KevinHock/subscriptions","https://api.github.com/users/KevinHock/orgs","https://api.github.com/users/KevinHock/repos","https://api.github.com/users/KevinHock/events{/privacy}","https://api.github.com/users/KevinHock/received_events","User","False"
"rlpburn","31356878","MDQ6VXNlcjMxMzU2ODc4","https://avatars1.githubusercontent.com/u/31356878?v=4","","https://api.github.com/users/rlpburn","https://github.com/rlpburn","https://api.github.com/users/rlpburn/followers","https://api.github.com/users/rlpburn/following{/other_user}","https://api.github.com/users/rlpburn/gists{/gist_id}","https://api.github.com/users/rlpburn/starred{/owner},{/repo}","https://api.github.com/users/rlpburn/subscriptions","https://api.github.com/users/rlpburn/orgs","https://api.github.com/users/rlpburn/repos","https://api.github.com/users/rlpburn/events{/privacy}","https://api.github.com/users/rlpburn/received_events","User","False"
"NOUREDDINE83","23223765","MDQ6VXNlcjIzMjIzNzY1","https://avatars1.githubusercontent.com/u/23223765?v=4","","https://api.github.com/users/NOUREDDINE83","https://github.com/NOUREDDINE83","https://api.github.com/users/NOUREDDINE83/followers","https://api.github.com/users/NOUREDDINE83/following{/other_user}","https://api.github.com/users/NOUREDDINE83/gists{/gist_id}","https://api.github.com/users/NOUREDDINE83/starred{/owner},{/repo}","https://api.github.com/users/NOUREDDINE83/subscriptions","https://api.github.com/users/NOUREDDINE83/orgs","https://api.github.com/users/NOUREDDINE83/repos","https://api.github.com/users/NOUREDDINE83/events{/privacy}","https://api.github.com/users/NOUREDDINE83/received_events","User","False"
"dalinhuang99","6508763","MDQ6VXNlcjY1MDg3NjM=","https://avatars2.githubusercontent.com/u/6508763?v=4","","https://api.github.com/users/dalinhuang99","https://github.com/dalinhuang99","https://api.github.com/users/dalinhuang99/followers","https://api.github.com/users/dalinhuang99/following{/other_user}","https://api.github.com/users/dalinhuang99/gists{/gist_id}","https://api.github.com/users/dalinhuang99/starred{/owner},{/repo}","https://api.github.com/users/dalinhuang99/subscriptions","https://api.github.com/users/dalinhuang99/orgs","https://api.github.com/users/dalinhuang99/repos","https://api.github.com/users/dalinhuang99/events{/privacy}","https://api.github.com/users/dalinhuang99/received_events","User","False"
"masoudtahmasebi93","1818540","MDQ6VXNlcjE4MTg1NDA=","https://avatars0.githubusercontent.com/u/1818540?v=4","","https://api.github.com/users/masoudtahmasebi93","https://github.com/masoudtahmasebi93","https://api.github.com/users/masoudtahmasebi93/followers","https://api.github.com/users/masoudtahmasebi93/following{/other_user}","https://api.github.com/users/masoudtahmasebi93/gists{/gist_id}","https://api.github.com/users/masoudtahmasebi93/starred{/owner},{/repo}","https://api.github.com/users/masoudtahmasebi93/subscriptions","https://api.github.com/users/masoudtahmasebi93/orgs","https://api.github.com/users/masoudtahmasebi93/repos","https://api.github.com/users/masoudtahmasebi93/events{/privacy}","https://api.github.com/users/masoudtahmasebi93/received_events","User","False"
"AlissonSteffens","6234230","MDQ6VXNlcjYyMzQyMzA=","https://avatars1.githubusercontent.com/u/6234230?v=4","","https://api.github.com/users/AlissonSteffens","https://github.com/AlissonSteffens","https://api.github.com/users/AlissonSteffens/followers","https://api.github.com/users/AlissonSteffens/following{/other_user}","https://api.github.com/users/AlissonSteffens/gists{/gist_id}","https://api.github.com/users/AlissonSteffens/starred{/owner},{/repo}","https://api.github.com/users/AlissonSteffens/subscriptions","https://api.github.com/users/AlissonSteffens/orgs","https://api.github.com/users/AlissonSteffens/repos","https://api.github.com/users/AlissonSteffens/events{/privacy}","https://api.github.com/users/AlissonSteffens/received_events","User","False"
"warlleyzulu","6455144","MDQ6VXNlcjY0NTUxNDQ=","https://avatars3.githubusercontent.com/u/6455144?v=4","","https://api.github.com/users/warlleyzulu","https://github.com/warlleyzulu","https://api.github.com/users/warlleyzulu/followers","https://api.github.com/users/warlleyzulu/following{/other_user}","https://api.github.com/users/warlleyzulu/gists{/gist_id}","https://api.github.com/users/warlleyzulu/starred{/owner},{/repo}","https://api.github.com/users/warlleyzulu/subscriptions","https://api.github.com/users/warlleyzulu/orgs","https://api.github.com/users/warlleyzulu/repos","https://api.github.com/users/warlleyzulu/events{/privacy}","https://api.github.com/users/warlleyzulu/received_events","User","False"
"Natharam","23460042","MDQ6VXNlcjIzNDYwMDQy","https://avatars0.githubusercontent.com/u/23460042?v=4","","https://api.github.com/users/Natharam","https://github.com/Natharam","https://api.github.com/users/Natharam/followers","https://api.github.com/users/Natharam/following{/other_user}","https://api.github.com/users/Natharam/gists{/gist_id}","https://api.github.com/users/Natharam/starred{/owner},{/repo}","https://api.github.com/users/Natharam/subscriptions","https://api.github.com/users/Natharam/orgs","https://api.github.com/users/Natharam/repos","https://api.github.com/users/Natharam/events{/privacy}","https://api.github.com/users/Natharam/received_events","User","False"
"NicolasMatheus","13981335","MDQ6VXNlcjEzOTgxMzM1","https://avatars1.githubusercontent.com/u/13981335?v=4","","https://api.github.com/users/NicolasMatheus","https://github.com/NicolasMatheus","https://api.github.com/users/NicolasMatheus/followers","https://api.github.com/users/NicolasMatheus/following{/other_user}","https://api.github.com/users/NicolasMatheus/gists{/gist_id}","https://api.github.com/users/NicolasMatheus/starred{/owner},{/repo}","https://api.github.com/users/NicolasMatheus/subscriptions","https://api.github.com/users/NicolasMatheus/orgs","https://api.github.com/users/NicolasMatheus/repos","https://api.github.com/users/NicolasMatheus/events{/privacy}","https://api.github.com/users/NicolasMatheus/received_events","User","False"
"BersonCrios","17513306","MDQ6VXNlcjE3NTEzMzA2","https://avatars1.githubusercontent.com/u/17513306?v=4","","https://api.github.com/users/BersonCrios","https://github.com/BersonCrios","https://api.github.com/users/BersonCrios/followers","https://api.github.com/users/BersonCrios/following{/other_user}","https://api.github.com/users/BersonCrios/gists{/gist_id}","https://api.github.com/users/BersonCrios/starred{/owner},{/repo}","https://api.github.com/users/BersonCrios/subscriptions","https://api.github.com/users/BersonCrios/orgs","https://api.github.com/users/BersonCrios/repos","https://api.github.com/users/BersonCrios/events{/privacy}","https://api.github.com/users/BersonCrios/received_events","User","False"
"natanielsantos","13527004","MDQ6VXNlcjEzNTI3MDA0","https://avatars1.githubusercontent.com/u/13527004?v=4","","https://api.github.com/users/natanielsantos","https://github.com/natanielsantos","https://api.github.com/users/natanielsantos/followers","https://api.github.com/users/natanielsantos/following{/other_user}","https://api.github.com/users/natanielsantos/gists{/gist_id}","https://api.github.com/users/natanielsantos/starred{/owner},{/repo}","https://api.github.com/users/natanielsantos/subscriptions","https://api.github.com/users/natanielsantos/orgs","https://api.github.com/users/natanielsantos/repos","https://api.github.com/users/natanielsantos/events{/privacy}","https://api.github.com/users/natanielsantos/received_events","User","False"
"JulienLeal","2480842","MDQ6VXNlcjI0ODA4NDI=","https://avatars1.githubusercontent.com/u/2480842?v=4","","https://api.github.com/users/JulienLeal","https://github.com/JulienLeal","https://api.github.com/users/JulienLeal/followers","https://api.github.com/users/JulienLeal/following{/other_user}","https://api.github.com/users/JulienLeal/gists{/gist_id}","https://api.github.com/users/JulienLeal/starred{/owner},{/repo}","https://api.github.com/users/JulienLeal/subscriptions","https://api.github.com/users/JulienLeal/orgs","https://api.github.com/users/JulienLeal/repos","https://api.github.com/users/JulienLeal/events{/privacy}","https://api.github.com/users/JulienLeal/received_events","User","False"
"lucasmauricio","1898907","MDQ6VXNlcjE4OTg5MDc=","https://avatars2.githubusercontent.com/u/1898907?v=4","","https://api.github.com/users/lucasmauricio","https://github.com/lucasmauricio","https://api.github.com/users/lucasmauricio/followers","https://api.github.com/users/lucasmauricio/following{/other_user}","https://api.github.com/users/lucasmauricio/gists{/gist_id}","https://api.github.com/users/lucasmauricio/starred{/owner},{/repo}","https://api.github.com/users/lucasmauricio/subscriptions","https://api.github.com/users/lucasmauricio/orgs","https://api.github.com/users/lucasmauricio/repos","https://api.github.com/users/lucasmauricio/events{/privacy}","https://api.github.com/users/lucasmauricio/received_events","User","False"
"rafaelweingartner","4129005","MDQ6VXNlcjQxMjkwMDU=","https://avatars2.githubusercontent.com/u/4129005?v=4","","https://api.github.com/users/rafaelweingartner","https://github.com/rafaelweingartner","https://api.github.com/users/rafaelweingartner/followers","https://api.github.com/users/rafaelweingartner/following{/other_user}","https://api.github.com/users/rafaelweingartner/gists{/gist_id}","https://api.github.com/users/rafaelweingartner/starred{/owner},{/repo}","https://api.github.com/users/rafaelweingartner/subscriptions","https://api.github.com/users/rafaelweingartner/orgs","https://api.github.com/users/rafaelweingartner/repos","https://api.github.com/users/rafaelweingartner/events{/privacy}","https://api.github.com/users/rafaelweingartner/received_events","User","False"
"asmarajadoon","32222409","MDQ6VXNlcjMyMjIyNDA5","https://avatars1.githubusercontent.com/u/32222409?v=4","","https://api.github.com/users/asmarajadoon","https://github.com/asmarajadoon","https://api.github.com/users/asmarajadoon/followers","https://api.github.com/users/asmarajadoon/following{/other_user}","https://api.github.com/users/asmarajadoon/gists{/gist_id}","https://api.github.com/users/asmarajadoon/starred{/owner},{/repo}","https://api.github.com/users/asmarajadoon/subscriptions","https://api.github.com/users/asmarajadoon/orgs","https://api.github.com/users/asmarajadoon/repos","https://api.github.com/users/asmarajadoon/events{/privacy}","https://api.github.com/users/asmarajadoon/received_events","User","False"
"anupinders","8607238","MDQ6VXNlcjg2MDcyMzg=","https://avatars2.githubusercontent.com/u/8607238?v=4","","https://api.github.com/users/anupinders","https://github.com/anupinders","https://api.github.com/users/anupinders/followers","https://api.github.com/users/anupinders/following{/other_user}","https://api.github.com/users/anupinders/gists{/gist_id}","https://api.github.com/users/anupinders/starred{/owner},{/repo}","https://api.github.com/users/anupinders/subscriptions","https://api.github.com/users/anupinders/orgs","https://api.github.com/users/anupinders/repos","https://api.github.com/users/anupinders/events{/privacy}","https://api.github.com/users/anupinders/received_events","User","False"
"anhnt2407","2217863","MDQ6VXNlcjIyMTc4NjM=","https://avatars3.githubusercontent.com/u/2217863?v=4","","https://api.github.com/users/anhnt2407","https://github.com/anhnt2407","https://api.github.com/users/anhnt2407/followers","https://api.github.com/users/anhnt2407/following{/other_user}","https://api.github.com/users/anhnt2407/gists{/gist_id}","https://api.github.com/users/anhnt2407/starred{/owner},{/repo}","https://api.github.com/users/anhnt2407/subscriptions","https://api.github.com/users/anhnt2407/orgs","https://api.github.com/users/anhnt2407/repos","https://api.github.com/users/anhnt2407/events{/privacy}","https://api.github.com/users/anhnt2407/received_events","User","False"
"tawfiqul-islam","22467339","MDQ6VXNlcjIyNDY3MzM5","https://avatars1.githubusercontent.com/u/22467339?v=4","","https://api.github.com/users/tawfiqul-islam","https://github.com/tawfiqul-islam","https://api.github.com/users/tawfiqul-islam/followers","https://api.github.com/users/tawfiqul-islam/following{/other_user}","https://api.github.com/users/tawfiqul-islam/gists{/gist_id}","https://api.github.com/users/tawfiqul-islam/starred{/owner},{/repo}","https://api.github.com/users/tawfiqul-islam/subscriptions","https://api.github.com/users/tawfiqul-islam/orgs","https://api.github.com/users/tawfiqul-islam/repos","https://api.github.com/users/tawfiqul-islam/events{/privacy}","https://api.github.com/users/tawfiqul-islam/received_events","User","False"
"etsangsplk","24395937","MDQ6VXNlcjI0Mzk1OTM3","https://avatars0.githubusercontent.com/u/24395937?v=4","","https://api.github.com/users/etsangsplk","https://github.com/etsangsplk","https://api.github.com/users/etsangsplk/followers","https://api.github.com/users/etsangsplk/following{/other_user}","https://api.github.com/users/etsangsplk/gists{/gist_id}","https://api.github.com/users/etsangsplk/starred{/owner},{/repo}","https://api.github.com/users/etsangsplk/subscriptions","https://api.github.com/users/etsangsplk/orgs","https://api.github.com/users/etsangsplk/repos","https://api.github.com/users/etsangsplk/events{/privacy}","https://api.github.com/users/etsangsplk/received_events","User","False"
"MustafaHamiad","37414934","MDQ6VXNlcjM3NDE0OTM0","https://avatars1.githubusercontent.com/u/37414934?v=4","","https://api.github.com/users/MustafaHamiad","https://github.com/MustafaHamiad","https://api.github.com/users/MustafaHamiad/followers","https://api.github.com/users/MustafaHamiad/following{/other_user}","https://api.github.com/users/MustafaHamiad/gists{/gist_id}","https://api.github.com/users/MustafaHamiad/starred{/owner},{/repo}","https://api.github.com/users/MustafaHamiad/subscriptions","https://api.github.com/users/MustafaHamiad/orgs","https://api.github.com/users/MustafaHamiad/repos","https://api.github.com/users/MustafaHamiad/events{/privacy}","https://api.github.com/users/MustafaHamiad/received_events","User","False"
"Jolanare","25885183","MDQ6VXNlcjI1ODg1MTgz","https://avatars0.githubusercontent.com/u/25885183?v=4","","https://api.github.com/users/Jolanare","https://github.com/Jolanare","https://api.github.com/users/Jolanare/followers","https://api.github.com/users/Jolanare/following{/other_user}","https://api.github.com/users/Jolanare/gists{/gist_id}","https://api.github.com/users/Jolanare/starred{/owner},{/repo}","https://api.github.com/users/Jolanare/subscriptions","https://api.github.com/users/Jolanare/orgs","https://api.github.com/users/Jolanare/repos","https://api.github.com/users/Jolanare/events{/privacy}","https://api.github.com/users/Jolanare/received_events","User","False"
"dimasnurpanca","10659213","MDQ6VXNlcjEwNjU5MjEz","https://avatars0.githubusercontent.com/u/10659213?v=4","","https://api.github.com/users/dimasnurpanca","https://github.com/dimasnurpanca","https://api.github.com/users/dimasnurpanca/followers","https://api.github.com/users/dimasnurpanca/following{/other_user}","https://api.github.com/users/dimasnurpanca/gists{/gist_id}","https://api.github.com/users/dimasnurpanca/starred{/owner},{/repo}","https://api.github.com/users/dimasnurpanca/subscriptions","https://api.github.com/users/dimasnurpanca/orgs","https://api.github.com/users/dimasnurpanca/repos","https://api.github.com/users/dimasnurpanca/events{/privacy}","https://api.github.com/users/dimasnurpanca/received_events","User","False"
"MahdiBennaceur","17074159","MDQ6VXNlcjE3MDc0MTU5","https://avatars1.githubusercontent.com/u/17074159?v=4","","https://api.github.com/users/MahdiBennaceur","https://github.com/MahdiBennaceur","https://api.github.com/users/MahdiBennaceur/followers","https://api.github.com/users/MahdiBennaceur/following{/other_user}","https://api.github.com/users/MahdiBennaceur/gists{/gist_id}","https://api.github.com/users/MahdiBennaceur/starred{/owner},{/repo}","https://api.github.com/users/MahdiBennaceur/subscriptions","https://api.github.com/users/MahdiBennaceur/orgs","https://api.github.com/users/MahdiBennaceur/repos","https://api.github.com/users/MahdiBennaceur/events{/privacy}","https://api.github.com/users/MahdiBennaceur/received_events","User","False"
"ManoelFelipe","30754443","MDQ6VXNlcjMwNzU0NDQz","https://avatars1.githubusercontent.com/u/30754443?v=4","","https://api.github.com/users/ManoelFelipe","https://github.com/ManoelFelipe","https://api.github.com/users/ManoelFelipe/followers","https://api.github.com/users/ManoelFelipe/following{/other_user}","https://api.github.com/users/ManoelFelipe/gists{/gist_id}","https://api.github.com/users/ManoelFelipe/starred{/owner},{/repo}","https://api.github.com/users/ManoelFelipe/subscriptions","https://api.github.com/users/ManoelFelipe/orgs","https://api.github.com/users/ManoelFelipe/repos","https://api.github.com/users/ManoelFelipe/events{/privacy}","https://api.github.com/users/ManoelFelipe/received_events","User","False"
"IanBoyanZhang","4110995","MDQ6VXNlcjQxMTA5OTU=","https://avatars3.githubusercontent.com/u/4110995?v=4","","https://api.github.com/users/IanBoyanZhang","https://github.com/IanBoyanZhang","https://api.github.com/users/IanBoyanZhang/followers","https://api.github.com/users/IanBoyanZhang/following{/other_user}","https://api.github.com/users/IanBoyanZhang/gists{/gist_id}","https://api.github.com/users/IanBoyanZhang/starred{/owner},{/repo}","https://api.github.com/users/IanBoyanZhang/subscriptions","https://api.github.com/users/IanBoyanZhang/orgs","https://api.github.com/users/IanBoyanZhang/repos","https://api.github.com/users/IanBoyanZhang/events{/privacy}","https://api.github.com/users/IanBoyanZhang/received_events","User","False"
"wuusn","12210299","MDQ6VXNlcjEyMjEwMjk5","https://avatars0.githubusercontent.com/u/12210299?v=4","","https://api.github.com/users/wuusn","https://github.com/wuusn","https://api.github.com/users/wuusn/followers","https://api.github.com/users/wuusn/following{/other_user}","https://api.github.com/users/wuusn/gists{/gist_id}","https://api.github.com/users/wuusn/starred{/owner},{/repo}","https://api.github.com/users/wuusn/subscriptions","https://api.github.com/users/wuusn/orgs","https://api.github.com/users/wuusn/repos","https://api.github.com/users/wuusn/events{/privacy}","https://api.github.com/users/wuusn/received_events","User","False"
"kaiokassiano","15371403","MDQ6VXNlcjE1MzcxNDAz","https://avatars2.githubusercontent.com/u/15371403?v=4","","https://api.github.com/users/kaiokassiano","https://github.com/kaiokassiano","https://api.github.com/users/kaiokassiano/followers","https://api.github.com/users/kaiokassiano/following{/other_user}","https://api.github.com/users/kaiokassiano/gists{/gist_id}","https://api.github.com/users/kaiokassiano/starred{/owner},{/repo}","https://api.github.com/users/kaiokassiano/subscriptions","https://api.github.com/users/kaiokassiano/orgs","https://api.github.com/users/kaiokassiano/repos","https://api.github.com/users/kaiokassiano/events{/privacy}","https://api.github.com/users/kaiokassiano/received_events","User","False"
"jlxcsy","7589089","MDQ6VXNlcjc1ODkwODk=","https://avatars3.githubusercontent.com/u/7589089?v=4","","https://api.github.com/users/jlxcsy","https://github.com/jlxcsy","https://api.github.com/users/jlxcsy/followers","https://api.github.com/users/jlxcsy/following{/other_user}","https://api.github.com/users/jlxcsy/gists{/gist_id}","https://api.github.com/users/jlxcsy/starred{/owner},{/repo}","https://api.github.com/users/jlxcsy/subscriptions","https://api.github.com/users/jlxcsy/orgs","https://api.github.com/users/jlxcsy/repos","https://api.github.com/users/jlxcsy/events{/privacy}","https://api.github.com/users/jlxcsy/received_events","User","False"
"marcelomata","4195468","MDQ6VXNlcjQxOTU0Njg=","https://avatars3.githubusercontent.com/u/4195468?v=4","","https://api.github.com/users/marcelomata","https://github.com/marcelomata","https://api.github.com/users/marcelomata/followers","https://api.github.com/users/marcelomata/following{/other_user}","https://api.github.com/users/marcelomata/gists{/gist_id}","https://api.github.com/users/marcelomata/starred{/owner},{/repo}","https://api.github.com/users/marcelomata/subscriptions","https://api.github.com/users/marcelomata/orgs","https://api.github.com/users/marcelomata/repos","https://api.github.com/users/marcelomata/events{/privacy}","https://api.github.com/users/marcelomata/received_events","User","False"
"TruongQToan","12953538","MDQ6VXNlcjEyOTUzNTM4","https://avatars0.githubusercontent.com/u/12953538?v=4","","https://api.github.com/users/TruongQToan","https://github.com/TruongQToan","https://api.github.com/users/TruongQToan/followers","https://api.github.com/users/TruongQToan/following{/other_user}","https://api.github.com/users/TruongQToan/gists{/gist_id}","https://api.github.com/users/TruongQToan/starred{/owner},{/repo}","https://api.github.com/users/TruongQToan/subscriptions","https://api.github.com/users/TruongQToan/orgs","https://api.github.com/users/TruongQToan/repos","https://api.github.com/users/TruongQToan/events{/privacy}","https://api.github.com/users/TruongQToan/received_events","User","False"
"AbderrahmanL","31971549","MDQ6VXNlcjMxOTcxNTQ5","https://avatars1.githubusercontent.com/u/31971549?v=4","","https://api.github.com/users/AbderrahmanL","https://github.com/AbderrahmanL","https://api.github.com/users/AbderrahmanL/followers","https://api.github.com/users/AbderrahmanL/following{/other_user}","https://api.github.com/users/AbderrahmanL/gists{/gist_id}","https://api.github.com/users/AbderrahmanL/starred{/owner},{/repo}","https://api.github.com/users/AbderrahmanL/subscriptions","https://api.github.com/users/AbderrahmanL/orgs","https://api.github.com/users/AbderrahmanL/repos","https://api.github.com/users/AbderrahmanL/events{/privacy}","https://api.github.com/users/AbderrahmanL/received_events","User","False"
"kallinatha","34157352","MDQ6VXNlcjM0MTU3MzUy","https://avatars0.githubusercontent.com/u/34157352?v=4","","https://api.github.com/users/kallinatha","https://github.com/kallinatha","https://api.github.com/users/kallinatha/followers","https://api.github.com/users/kallinatha/following{/other_user}","https://api.github.com/users/kallinatha/gists{/gist_id}","https://api.github.com/users/kallinatha/starred{/owner},{/repo}","https://api.github.com/users/kallinatha/subscriptions","https://api.github.com/users/kallinatha/orgs","https://api.github.com/users/kallinatha/repos","https://api.github.com/users/kallinatha/events{/privacy}","https://api.github.com/users/kallinatha/received_events","User","False"
"henriquehbr","31735860","MDQ6VXNlcjMxNzM1ODYw","https://avatars2.githubusercontent.com/u/31735860?v=4","","https://api.github.com/users/henriquehbr","https://github.com/henriquehbr","https://api.github.com/users/henriquehbr/followers","https://api.github.com/users/henriquehbr/following{/other_user}","https://api.github.com/users/henriquehbr/gists{/gist_id}","https://api.github.com/users/henriquehbr/starred{/owner},{/repo}","https://api.github.com/users/henriquehbr/subscriptions","https://api.github.com/users/henriquehbr/orgs","https://api.github.com/users/henriquehbr/repos","https://api.github.com/users/henriquehbr/events{/privacy}","https://api.github.com/users/henriquehbr/received_events","User","False"
"engrmostafijur","7710230","MDQ6VXNlcjc3MTAyMzA=","https://avatars1.githubusercontent.com/u/7710230?v=4","","https://api.github.com/users/engrmostafijur","https://github.com/engrmostafijur","https://api.github.com/users/engrmostafijur/followers","https://api.github.com/users/engrmostafijur/following{/other_user}","https://api.github.com/users/engrmostafijur/gists{/gist_id}","https://api.github.com/users/engrmostafijur/starred{/owner},{/repo}","https://api.github.com/users/engrmostafijur/subscriptions","https://api.github.com/users/engrmostafijur/orgs","https://api.github.com/users/engrmostafijur/repos","https://api.github.com/users/engrmostafijur/events{/privacy}","https://api.github.com/users/engrmostafijur/received_events","User","False"
"samuelviveiros","10799159","MDQ6VXNlcjEwNzk5MTU5","https://avatars0.githubusercontent.com/u/10799159?v=4","","https://api.github.com/users/samuelviveiros","https://github.com/samuelviveiros","https://api.github.com/users/samuelviveiros/followers","https://api.github.com/users/samuelviveiros/following{/other_user}","https://api.github.com/users/samuelviveiros/gists{/gist_id}","https://api.github.com/users/samuelviveiros/starred{/owner},{/repo}","https://api.github.com/users/samuelviveiros/subscriptions","https://api.github.com/users/samuelviveiros/orgs","https://api.github.com/users/samuelviveiros/repos","https://api.github.com/users/samuelviveiros/events{/privacy}","https://api.github.com/users/samuelviveiros/received_events","User","False"
"luizcarvalho","18966","MDQ6VXNlcjE4OTY2","https://avatars2.githubusercontent.com/u/18966?v=4","","https://api.github.com/users/luizcarvalho","https://github.com/luizcarvalho","https://api.github.com/users/luizcarvalho/followers","https://api.github.com/users/luizcarvalho/following{/other_user}","https://api.github.com/users/luizcarvalho/gists{/gist_id}","https://api.github.com/users/luizcarvalho/starred{/owner},{/repo}","https://api.github.com/users/luizcarvalho/subscriptions","https://api.github.com/users/luizcarvalho/orgs","https://api.github.com/users/luizcarvalho/repos","https://api.github.com/users/luizcarvalho/events{/privacy}","https://api.github.com/users/luizcarvalho/received_events","User","False"
"tadeufo","6555133","MDQ6VXNlcjY1NTUxMzM=","https://avatars1.githubusercontent.com/u/6555133?v=4","","https://api.github.com/users/tadeufo","https://github.com/tadeufo","https://api.github.com/users/tadeufo/followers","https://api.github.com/users/tadeufo/following{/other_user}","https://api.github.com/users/tadeufo/gists{/gist_id}","https://api.github.com/users/tadeufo/starred{/owner},{/repo}","https://api.github.com/users/tadeufo/subscriptions","https://api.github.com/users/tadeufo/orgs","https://api.github.com/users/tadeufo/repos","https://api.github.com/users/tadeufo/events{/privacy}","https://api.github.com/users/tadeufo/received_events","User","False"
"Ayodan","44744737","MDQ6VXNlcjQ0NzQ0NzM3","https://avatars2.githubusercontent.com/u/44744737?v=4","","https://api.github.com/users/Ayodan","https://github.com/Ayodan","https://api.github.com/users/Ayodan/followers","https://api.github.com/users/Ayodan/following{/other_user}","https://api.github.com/users/Ayodan/gists{/gist_id}","https://api.github.com/users/Ayodan/starred{/owner},{/repo}","https://api.github.com/users/Ayodan/subscriptions","https://api.github.com/users/Ayodan/orgs","https://api.github.com/users/Ayodan/repos","https://api.github.com/users/Ayodan/events{/privacy}","https://api.github.com/users/Ayodan/received_events","User","False"
"luxianglin","16110575","MDQ6VXNlcjE2MTEwNTc1","https://avatars2.githubusercontent.com/u/16110575?v=4","","https://api.github.com/users/luxianglin","https://github.com/luxianglin","https://api.github.com/users/luxianglin/followers","https://api.github.com/users/luxianglin/following{/other_user}","https://api.github.com/users/luxianglin/gists{/gist_id}","https://api.github.com/users/luxianglin/starred{/owner},{/repo}","https://api.github.com/users/luxianglin/subscriptions","https://api.github.com/users/luxianglin/orgs","https://api.github.com/users/luxianglin/repos","https://api.github.com/users/luxianglin/events{/privacy}","https://api.github.com/users/luxianglin/received_events","User","False"
"BukhtawarElahi","14802615","MDQ6VXNlcjE0ODAyNjE1","https://avatars3.githubusercontent.com/u/14802615?v=4","","https://api.github.com/users/BukhtawarElahi","https://github.com/BukhtawarElahi","https://api.github.com/users/BukhtawarElahi/followers","https://api.github.com/users/BukhtawarElahi/following{/other_user}","https://api.github.com/users/BukhtawarElahi/gists{/gist_id}","https://api.github.com/users/BukhtawarElahi/starred{/owner},{/repo}","https://api.github.com/users/BukhtawarElahi/subscriptions","https://api.github.com/users/BukhtawarElahi/orgs","https://api.github.com/users/BukhtawarElahi/repos","https://api.github.com/users/BukhtawarElahi/events{/privacy}","https://api.github.com/users/BukhtawarElahi/received_events","User","False"
"ateetshah07","29952414","MDQ6VXNlcjI5OTUyNDE0","https://avatars0.githubusercontent.com/u/29952414?v=4","","https://api.github.com/users/ateetshah07","https://github.com/ateetshah07","https://api.github.com/users/ateetshah07/followers","https://api.github.com/users/ateetshah07/following{/other_user}","https://api.github.com/users/ateetshah07/gists{/gist_id}","https://api.github.com/users/ateetshah07/starred{/owner},{/repo}","https://api.github.com/users/ateetshah07/subscriptions","https://api.github.com/users/ateetshah07/orgs","https://api.github.com/users/ateetshah07/repos","https://api.github.com/users/ateetshah07/events{/privacy}","https://api.github.com/users/ateetshah07/received_events","User","False"
"AbadePetterson","26881234","MDQ6VXNlcjI2ODgxMjM0","https://avatars1.githubusercontent.com/u/26881234?v=4","","https://api.github.com/users/AbadePetterson","https://github.com/AbadePetterson","https://api.github.com/users/AbadePetterson/followers","https://api.github.com/users/AbadePetterson/following{/other_user}","https://api.github.com/users/AbadePetterson/gists{/gist_id}","https://api.github.com/users/AbadePetterson/starred{/owner},{/repo}","https://api.github.com/users/AbadePetterson/subscriptions","https://api.github.com/users/AbadePetterson/orgs","https://api.github.com/users/AbadePetterson/repos","https://api.github.com/users/AbadePetterson/events{/privacy}","https://api.github.com/users/AbadePetterson/received_events","User","False"
"nguyenlinhit","12536954","MDQ6VXNlcjEyNTM2OTU0","https://avatars0.githubusercontent.com/u/12536954?v=4","","https://api.github.com/users/nguyenlinhit","https://github.com/nguyenlinhit","https://api.github.com/users/nguyenlinhit/followers","https://api.github.com/users/nguyenlinhit/following{/other_user}","https://api.github.com/users/nguyenlinhit/gists{/gist_id}","https://api.github.com/users/nguyenlinhit/starred{/owner},{/repo}","https://api.github.com/users/nguyenlinhit/subscriptions","https://api.github.com/users/nguyenlinhit/orgs","https://api.github.com/users/nguyenlinhit/repos","https://api.github.com/users/nguyenlinhit/events{/privacy}","https://api.github.com/users/nguyenlinhit/received_events","User","False"
"djhanlj","4240212","MDQ6VXNlcjQyNDAyMTI=","https://avatars0.githubusercontent.com/u/4240212?v=4","","https://api.github.com/users/djhanlj","https://github.com/djhanlj","https://api.github.com/users/djhanlj/followers","https://api.github.com/users/djhanlj/following{/other_user}","https://api.github.com/users/djhanlj/gists{/gist_id}","https://api.github.com/users/djhanlj/starred{/owner},{/repo}","https://api.github.com/users/djhanlj/subscriptions","https://api.github.com/users/djhanlj/orgs","https://api.github.com/users/djhanlj/repos","https://api.github.com/users/djhanlj/events{/privacy}","https://api.github.com/users/djhanlj/received_events","User","False"
"Claudio-Barbosa-da-Silva","45851437","MDQ6VXNlcjQ1ODUxNDM3","https://avatars1.githubusercontent.com/u/45851437?v=4","","https://api.github.com/users/Claudio-Barbosa-da-Silva","https://github.com/Claudio-Barbosa-da-Silva","https://api.github.com/users/Claudio-Barbosa-da-Silva/followers","https://api.github.com/users/Claudio-Barbosa-da-Silva/following{/other_user}","https://api.github.com/users/Claudio-Barbosa-da-Silva/gists{/gist_id}","https://api.github.com/users/Claudio-Barbosa-da-Silva/starred{/owner},{/repo}","https://api.github.com/users/Claudio-Barbosa-da-Silva/subscriptions","https://api.github.com/users/Claudio-Barbosa-da-Silva/orgs","https://api.github.com/users/Claudio-Barbosa-da-Silva/repos","https://api.github.com/users/Claudio-Barbosa-da-Silva/events{/privacy}","https://api.github.com/users/Claudio-Barbosa-da-Silva/received_events","User","False"
"ammaralmoalmi","46121888","MDQ6VXNlcjQ2MTIxODg4","https://avatars1.githubusercontent.com/u/46121888?v=4","","https://api.github.com/users/ammaralmoalmi","https://github.com/ammaralmoalmi","https://api.github.com/users/ammaralmoalmi/followers","https://api.github.com/users/ammaralmoalmi/following{/other_user}","https://api.github.com/users/ammaralmoalmi/gists{/gist_id}","https://api.github.com/users/ammaralmoalmi/starred{/owner},{/repo}","https://api.github.com/users/ammaralmoalmi/subscriptions","https://api.github.com/users/ammaralmoalmi/orgs","https://api.github.com/users/ammaralmoalmi/repos","https://api.github.com/users/ammaralmoalmi/events{/privacy}","https://api.github.com/users/ammaralmoalmi/received_events","User","False"
"haroldocruz","8608432","MDQ6VXNlcjg2MDg0MzI=","https://avatars1.githubusercontent.com/u/8608432?v=4","","https://api.github.com/users/haroldocruz","https://github.com/haroldocruz","https://api.github.com/users/haroldocruz/followers","https://api.github.com/users/haroldocruz/following{/other_user}","https://api.github.com/users/haroldocruz/gists{/gist_id}","https://api.github.com/users/haroldocruz/starred{/owner},{/repo}","https://api.github.com/users/haroldocruz/subscriptions","https://api.github.com/users/haroldocruz/orgs","https://api.github.com/users/haroldocruz/repos","https://api.github.com/users/haroldocruz/events{/privacy}","https://api.github.com/users/haroldocruz/received_events","User","False"
"franciscosvargas","40582792","MDQ6VXNlcjQwNTgyNzky","https://avatars0.githubusercontent.com/u/40582792?v=4","","https://api.github.com/users/franciscosvargas","https://github.com/franciscosvargas","https://api.github.com/users/franciscosvargas/followers","https://api.github.com/users/franciscosvargas/following{/other_user}","https://api.github.com/users/franciscosvargas/gists{/gist_id}","https://api.github.com/users/franciscosvargas/starred{/owner},{/repo}","https://api.github.com/users/franciscosvargas/subscriptions","https://api.github.com/users/franciscosvargas/orgs","https://api.github.com/users/franciscosvargas/repos","https://api.github.com/users/franciscosvargas/events{/privacy}","https://api.github.com/users/franciscosvargas/received_events","User","False"
"silvioantonio","41794605","MDQ6VXNlcjQxNzk0NjA1","https://avatars1.githubusercontent.com/u/41794605?v=4","","https://api.github.com/users/silvioantonio","https://github.com/silvioantonio","https://api.github.com/users/silvioantonio/followers","https://api.github.com/users/silvioantonio/following{/other_user}","https://api.github.com/users/silvioantonio/gists{/gist_id}","https://api.github.com/users/silvioantonio/starred{/owner},{/repo}","https://api.github.com/users/silvioantonio/subscriptions","https://api.github.com/users/silvioantonio/orgs","https://api.github.com/users/silvioantonio/repos","https://api.github.com/users/silvioantonio/events{/privacy}","https://api.github.com/users/silvioantonio/received_events","User","False"
"imnr","15045986","MDQ6VXNlcjE1MDQ1OTg2","https://avatars3.githubusercontent.com/u/15045986?v=4","","https://api.github.com/users/imnr","https://github.com/imnr","https://api.github.com/users/imnr/followers","https://api.github.com/users/imnr/following{/other_user}","https://api.github.com/users/imnr/gists{/gist_id}","https://api.github.com/users/imnr/starred{/owner},{/repo}","https://api.github.com/users/imnr/subscriptions","https://api.github.com/users/imnr/orgs","https://api.github.com/users/imnr/repos","https://api.github.com/users/imnr/events{/privacy}","https://api.github.com/users/imnr/received_events","User","False"
